{"name":"docker","version":"2.9.3","description":"Provides docker_service, docker_image, and docker_container resources","long_description":"","maintainer":"Cookbook Engineering Team","maintainer_email":"cookbooks@chef.io","license":"Apache 2.0","platforms":{"amazon":">= 0.0.0","centos":">= 0.0.0","scientific":">= 0.0.0","oracle":">= 0.0.0","debian":">= 0.0.0","fedora":">= 0.0.0","redhat":">= 0.0.0","ubuntu":">= 0.0.0"},"dependencies":{"compat_resource":">= 12.9.0"},"recommendations":{},"suggestions":{},"conflicting":{},"providing":{},"replacing":{},"attributes":{},"groupings":{},"recipes":{}}