{
  "name": "my_docker",
  "description": "Installs/Configures my_docker",
  "long_description": "Installs/Configures my_docker",
  "maintainer": "The Authors",
  "maintainer_email": "you@example.com",
  "license": "all_rights",
  "platforms": {
  },
  "dependencies": {
    "docker": "~> 2.0"
  },
  "recommendations": {
  },
  "suggestions": {
  },
  "conflicting": {
  },
  "providing": {
  },
  "replacing": {
  },
  "attributes": {
  },
  "groupings": {
  },
  "recipes": {
  },
  "version": "0.1.0",
  "source_url": "",
  "issues_url": "",
  "privacy": false,
  "chef_versions": [

  ],
  "ohai_versions": [

  ],
  "gems": [

  ]
}